Workbook

Sheet ⚙️ Master Threshold
A1: ⚙️ MASTER THRESHOLD — Atur Semua Batas Minimum Stok di Sini
A2: ✏️ Ubah angka di kolom THRESHOLD BARU, lalu simpan file. Semua sheet SO akan otomatis mengikuti.
A4: No | B4: NAMA BARANG | C4: AREA / LOKASI | D4: THRESHOLD SAAT INI | E4: THRESHOLD BARU ✏️ | F4: KETERANGAN / CATATAN
A5: ▶ MEJA BIRU DEPAN + CHILLER
A6: 1 | B6: Tepung Terigu | C6: Meja Biru + Chiller | D6: ='Meja Biru + Chiller'!I7 -> 2 | E6: 2
A7: 2 | B7: Bumbu Mix | C7: Meja Biru + Chiller | D7: ='Meja Biru + Chiller'!I8 -> 1 | E7: 1
A8: 3 | B8: Minyak Beku | C8: Meja Biru + Chiller | D8: ='Meja Biru + Chiller'!I9 -> 5 | E8: 5
A9: 4 | B9: Bumbu Marinasi | C9: Meja Biru + Chiller | D9: ='Meja Biru + Chiller'!I10 -> 125 | E9: 125
A10: 5 | B10: Beras | C10: Meja Biru + Chiller | D10: ='Meja Biru + Chiller'!I11 -> 1 | E10: 1
A11: 6 | B11: Mango Mint | C11: Meja Biru + Chiller | D11: ='Meja Biru + Chiller'!I12 -> 8 | E11: 8
A12: 7 | B12: Mint Ice Cream | C12: Meja Biru + Chiller | D12: ='Meja Biru + Chiller'!I13 -> 8 | E12: 8
A13: 8 | B13: Vanilla Rose | C13: Meja Biru + Chiller | D13: ='Meja Biru + Chiller'!I14 -> 8 | E13: 8
A14: 9 | B14: Snowy Cheese | C14: Meja Biru + Chiller | D14: ='Meja Biru + Chiller'!I15 -> 380 | E14: =380 -> 380
A15: 10 | B15: Tepung Panir | C15: Meja Biru + Chiller | D15: ='Meja Biru + Chiller'!I16 -> 125 | E15: 125
A16: 11 | B16: Tepung Corndog | C16: Meja Biru + Chiller | D16: ='Meja Biru + Chiller'!I17 -> 0 | E16: 0
A17: 12 | B17: Cabe Sachet | C17: Meja Biru + Chiller | D17: ='Meja Biru + Chiller'!I18 -> 10 | E17: 10
A18: 13 | B18: Tomat Sachet | C18: Meja Biru + Chiller | D18: ='Meja Biru + Chiller'!I19 -> 10 | E18: 10
A19: 14 | B19: Nori | C19: Meja Biru + Chiller | D19: ='Meja Biru + Chiller'!I20 -> 30 | E19: =30 -> 30
A20: 15 | B20: Biji Wijen | C20: Meja Biru + Chiller | D20: ='Meja Biru + Chiller'!I21 -> 30 | E20: =30 -> 30
A21: 16 | B21: Gula Putih | C21: Meja Biru + Chiller | D21: ='Meja Biru + Chiller'!I22 -> 100 | E21: =100 -> 100
A22: 17 | B22: Garam | C22: Meja Biru + Chiller | D22: ='Meja Biru + Chiller'!I23 -> 20 | E22: =20 -> 20
A23: 18 | B23: Cajun | C23: Meja Biru + Chiller | D23: ='Meja Biru + Chiller'!I24 -> 20 | E23: =20 -> 20
A24: 19 | B24: Samyang | C24: Meja Biru + Chiller | D24: ='Meja Biru + Chiller'!I25 -> 45 | E24: =45 -> 45
A25: 20 | B25: Bon Cabe | C25: Meja Biru + Chiller | D25: ='Meja Biru + Chiller'!I26 -> 1 | E25: 1
A26: 21 | B26: Plastik 15 | C26: Meja Biru + Chiller | D26: ='Meja Biru + Chiller'!I27 -> 1 | E26: 1
A27: 22 | B27: Plastik 24 | C27: Meja Biru + Chiller | D27: ='Meja Biru + Chiller'!I28 -> 1 | E27: 1
A28: 23 | B28: Plastik 30 | C28: Meja Biru + Chiller | D28: ='Meja Biru + Chiller'!I29 -> 1 | E28: 1
A29: 24 | B29: Kaldu Odeng | C29: Meja Biru + Chiller | D29: ='Meja Biru + Chiller'!I30 -> 100 | E29: =100 -> 100
A30: 25 | B30: Baking Soda | C30: Meja Biru + Chiller | D30: ='Meja Biru + Chiller'!I31 -> 0 | E30: 0
A31: 26 | B31: Teh Tong Ji | C31: Meja Biru + Chiller | D31: ='Meja Biru + Chiller'!I32 -> 3 | E31: 3
A32: 27 | B32: Dus Hampers | C32: Meja Biru + Chiller | D32: ='Meja Biru + Chiller'!I33 -> 0 | E32: 0
A33: 28 | B33: Box Berbagi | C33: Meja Biru + Chiller | D33: ='Meja Biru + Chiller'!I34 -> 0 | E33: 0
A34: 29 | B34: Botol Hampers | C34: Meja Biru + Chiller | D34: ='Meja Biru + Chiller'!I35 -> 0 | E34: 0
A35: 30 | B35: Gas Torch | C35: Meja Biru + Chiller | D35: ='Meja Biru + Chiller'!I36 -> 100 | E35: =100 -> 100
A36: 31 | B36: Katsubuoshi | C36: Meja Biru + Chiller | D36: ='Meja Biru + Chiller'!I37 -> 5 | E36: 5
A37: 32 | B37: Spray Lemon Pepper | C37: Meja Biru + Chiller | D37: ='Meja Biru + Chiller'!I38 -> 40 | E37: 40
A38: 33 | B38: Minyak Truffel | C38: Meja Biru + Chiller | D38: ='Meja Biru + Chiller'!I39 -> 100 | E38: 100
A39: =A38+1 -> 34 | B39: Ultra (susu) | C39: Meja Biru + Chiller | D39: ='Meja Biru + Chiller'!I41 -> 250 | E39: 250
A40: =A39+1 -> 35 | B40: Air Gula | C40: Meja Biru + Chiller | D40: ='Meja Biru + Chiller'!I42 -> 100 | E40: 100
A41: =A40+1 -> 36 | B41: Mozzarella | C41: Meja Biru + Chiller | D41: ='Meja Biru + Chiller'!I43 -> 200 | E41: 200
A42: =A41+1 -> 37 | B42: Kimchi | C42: Meja Biru + Chiller | D42: ='Meja Biru + Chiller'!I44 -> 90 | E42: =90 -> 90
A43: =A42+1 -> 38 | B43: Salted Egg | C43: Meja Biru + Chiller | D43: ='Meja Biru + Chiller'!I45 -> 90 | E43: 90
A44: =A43+1 -> 39 | B44: Saos Onion | C44: Meja Biru + Chiller | D44: ='Meja Biru + Chiller'!I46 -> 40 | E44: =40 -> 40
A45: =A44+1 -> 40 | B45: Yangnyeom | C45: Meja Biru + Chiller | D45: ='Meja Biru + Chiller'!I47 -> 90 | E45: =90 -> 90
A46: =A45+1 -> 41 | B46: Garlic Parmesan | C46: Meja Biru + Chiller | D46: ='Meja Biru + Chiller'!I48 -> 90 | E46: =90 -> 90
A47: =A46+1 -> 42 | B47: Takoyaki | C47: Meja Biru + Chiller | D47: ='Meja Biru + Chiller'!I49 -> 25 | E47: 25
A48: =A47+1 -> 43 | B48: Bawang Bombay | C48: Meja Biru + Chiller | D48: ='Meja Biru + Chiller'!I50 -> 25 | E48: 25
A49: =A48+1 -> 44 | B49: Selai Soju | C49: Meja Biru + Chiller | D49: ='Meja Biru + Chiller'!I51 -> 0 | E49: 0
A50: =A49+1 -> 45 | B50: Gochujang | C50: Meja Biru + Chiller | D50: ='Meja Biru + Chiller'!I52 -> 1000 | E50: =1000 -> 1000
A51: =A50+1 -> 46 | B51: BBQ Sauce | C51: Meja Biru + Chiller | D51: ='Meja Biru + Chiller'!I53 -> 1000 | E51: =1000 -> 1000
A52: =A51+1 -> 47 | B52: Mentai | C52: Meja Biru + Chiller | D52: ='Meja Biru + Chiller'!I54 -> 270 | E52: =225+45 -> 270
A53: =A52+1 -> 48 | B53: Mayonaise | C53: Meja Biru + Chiller | D53: ='Meja Biru + Chiller'!I55 -> 250 | E53: 250
A54: =A53+1 -> 49 | B54: Topokki | C54: Meja Biru + Chiller | D54: ='Meja Biru + Chiller'!I56 -> 48 | E54: 48
A55: =A54+1 -> 50 | B55: Sosis | C55: Meja Biru + Chiller | D55: ='Meja Biru + Chiller'!I57 -> 4 | E55: 4
A56: =A55+1 -> 51 | B56: Gourmet | C56: Meja Biru + Chiller | D56: ='Meja Biru + Chiller'!I58 -> 250 | E56: 250
A57: =A56+1 -> 52 | B57: Pasta Strawberry | C57: Meja Biru + Chiller | D57: ='Meja Biru + Chiller'!I59 -> 70 | E57: 70
A58: =A57+1 -> 53 | B58: Pasta Blueberry | C58: Meja Biru + Chiller | D58: ='Meja Biru + Chiller'!I60 -> 70 | E58: 70
A59: =A58+1 -> 54 | B59: Pasta Banana | C59: Meja Biru + Chiller | D59: ='Meja Biru + Chiller'!I61 -> 290 | E59: =90+200 -> 290
A60: =A59+1 -> 55 | B60: Air Mineral | C60: Meja Biru + Chiller | D60: ='Meja Biru + Chiller'!I62 -> 8 | E60: 8
A61: =A60+1 -> 56 | B61: Keju Parmesan | C61: Meja Biru + Chiller | D61: ='Meja Biru + Chiller'!I63 -> 40 | E61: 40
A62: =A61+1 -> 57 | B62: Chili Oil Jago-Jago | C62: Meja Biru + Chiller | D62: ='Meja Biru + Chiller'!I64 -> 100 | E62: =100 -> 100
A63: =A62+1 -> 58 | B63: Cheese Tteokbokki | C63: Meja Biru + Chiller | D63: ='Meja Biru + Chiller'!I65 -> 75 | E63: =75 -> 75
A64: =A63+1 -> 59 | B64: Nashville | C64: Meja Biru + Chiller | D64: ='Meja Biru + Chiller'!I66 -> 100 | E64: =100 -> 100
A65: ▶ FREEZER, AYAM & ALAT
A66: =A64+1 -> 60 | B66: Wings Baru | C66: Freezer & Alat | D66: ='Freezer & Alat'!I7 -> 2 | E66: 2
A67: =A66+1 -> 61 | B67: Wings Lama | C67: Freezer & Alat | D67: ='Freezer & Alat'!I8 -> 1 | E67: 1
A68: =A67+1 -> 62 | B68: Pop (baru) | C68: Freezer & Alat | D68: ='Freezer & Alat'!I9 -> 2 | E68: 2
A69: =A68+1 -> 63 | B69: Pop (lama) | C69: Freezer & Alat | D69: ='Freezer & Alat'!I10 -> 1 | E69: 1
A70: =A69+1 -> 64 | B70: Ayam Ekor | C70: Freezer & Alat | D70: ='Freezer & Alat'!I11 -> 5 | E70: 5
A71: =A70+1 -> 65 | B71: Reguler Lama | C71: Freezer & Alat | D71: ='Freezer & Alat'!I12 -> 2 | E71: 2
A72: =A71+1 -> 66 | B72: Reguler Baru | C72: Freezer & Alat | D72: ='Freezer & Alat'!I13 -> 2 | E72: 2
A73: =A72+1 -> 67 | B73: Es Batu | C73: Freezer & Alat | D73: ='Freezer & Alat'!I14 -> 0.5 | E73: =1/2 -> 0.5
A74: =A73+1 -> 68 | B74: Kentang | C74: Freezer & Alat | D74: ='Freezer & Alat'!I15 -> 3 | E74: 3
A75: =A74+1 -> 69 | B75: Corndog Moza+Sosis | C75: Freezer & Alat | D75: ='Freezer & Alat'!I16 -> 3 | E75: 3
A76: =A75+1 -> 70 | B76: Corndog Sosis | C76: Freezer & Alat | D76: ='Freezer & Alat'!I17 -> 3 | E76: 3
A77: =A76+1 -> 71 | B77: Odeng (porsi) | C77: Freezer & Alat | D77: ='Freezer & Alat'!I18 -> 5 | E77: 5
A78: =A77+1 -> 72 | B78: Baso Ikan | C78: Freezer & Alat | D78: ='Freezer & Alat'!I19 -> 5 | E78: 5
A79: =A78+1 -> 73 | B79: Potato Cheese Ball | C79: Freezer & Alat | D79: ='Freezer & Alat'!I20 -> 5 | E79: 5
A80: =A79+1 -> 74 | B80: Dumpling | C80: Freezer & Alat | D80: ='Freezer & Alat'!I21 -> 5 | E80: 5
A81: =A80+1 -> 75 | B81: Dimsum Mix | C81: Freezer & Alat | D81: ='Freezer & Alat'!I22 -> 1 | E81: 1
A82: =A81+1 -> 76 | B82: Ayam Katsu | C82: Freezer & Alat | D82: ='Freezer & Alat'!I23 -> 5 | E82: 5
A83: =A82+1 -> 77 | B83: Cling Pembersih | C83: Freezer & Alat | D83: ='Freezer & Alat'!I25 -> 1 | E83: 1
A84: =A83+1 -> 78 | B84: Sabun Cuci Piring | C84: Freezer & Alat | D84: ='Freezer & Alat'!I26 -> 1 | E84: 1
A85: =A84+1 -> 79 | B85: S.O.S Karbol | C85: Freezer & Alat | D85: ='Freezer & Alat'!I27 -> 1 | E85: 1
A86: =A85+1 -> 80 | B86: Vixal | C86: Freezer & Alat | D86: ='Freezer & Alat'!I28 -> 1 | E86: 1
A87: =A86+1 -> 81 | B87: Sendok | C87: Freezer & Alat | D87: ='Freezer & Alat'!I29 -> 5 | E87: 5
A88: =A87+1 -> 82 | B88: Mangkuk Stainless | C88: Freezer & Alat | D88: ='Freezer & Alat'!I30 -> 3 | E88: 3
A89: =A88+1 -> 83 | B89: Piring Stainless | C89: Freezer & Alat | D89: ='Freezer & Alat'!I31 -> 3 | E89: 3
A90: =A89+1 -> 84 | B90: Piring Plastik | C90: Freezer & Alat | D90: ='Freezer & Alat'!I32 -> 3 | E90: 3
A91: =A90+1 -> 85 | B91: Keranjang Kotak Hitam Besi | C91: Freezer & Alat | D91: ='Freezer & Alat'!I33 -> 2 | E91: 2
A92: =A91+1 -> 86 | B92: Keranjang Bulat Hitam Besi | C92: Freezer & Alat | D92: ='Freezer & Alat'!I34 -> 2 | E92: 2
A93: =A92+1 -> 87 | B93: Keranjang Merah Plastik | C93: Freezer & Alat | D93: ='Freezer & Alat'!I35 -> 2 | E93: 2
A94: =A93+1 -> 88 | B94: Keranjang Hitam Plastik | C94: Freezer & Alat | D94: ='Freezer & Alat'!I36 -> 2 | E94: 2
A95: =A94+1 -> 89 | B95: Gelas Customer | C95: Freezer & Alat | D95: ='Freezer & Alat'!I37 -> 5 | E95: 5
A96: ▶ MEJA LACI
A97: =A95+1 -> 90 | B97: Sticker Thinwal | C97: Meja Laci | D97: #REF! | E97: 10
A98: =A97+1 -> 91 | B98: Solasi Bening | C98: Meja Laci | D98: #REF! | E98: 1
A99: =A98+1 -> 92 | B99: Cable Ties | C99: Meja Laci | D99: #REF! | E99: 1
A100: =A99+1 -> 93 | B100: Sticky Note | C100: Meja Laci | D100: #REF! | E100: 1
A101: =A100+1 -> 94 | B101: Dus Drakor Stock | C101: Meja Laci | D101: #REF! | E101: 5
...

Sheet Meja Biru + Chiller
A1: 📋 STOK OPNAME HARIAN — MEJA BIRU DEPAN + CHILLER
A2: TANGGAL / HARI | C2: 46257 | E2: HARI | G2: =TEXT(C2,"DDDD") -> Sunday | I2: NAMA PETUGAS | K2: Candra
A3: KETERANGAN WARNA STATUS: 🔴 STOK HABIS / KRITIS 🟠 STOK HAMPIR HABIS (< 2× Threshold) 🟢 STOK AMAN
A5: No | B5: NAMA BARANG | C5: STEP 1 HITUNG UTUH (Qty) | D5: STEP 2 HITUNG TERBUKA (Qty) | E5: SATUAN | F5: TOTAL (Step1 + Step2) | G5: KONVERSI (Isi per Pack) | H5: KONVERSI (Keterangan) | I5: MIN THRESHOLD | J5: STATUS STOK | L5: REQUEST BARANG HABIS / KRITIS | M5: QTY Request
A6: ▶ MEJA BIRU DEPAN
A7: 1 | B7: Tepung Terigu | C7: 4 | D7: 0 | E7: kg | F7: =C7+D7 -> 4 | G7: 1 | H7: 1 Plastik = 1 kg | I7: ='⚙️ Master Threshold'!E6 -> 2 | J7: =IF(I7=0,"—",IF(F7<=I7,"🔴 KRITIS",IF(F7<=I7*2,"🟠 HAMPIR HABIS","🟢 AMAN"))) -> 🟠 HAMPIR HABIS | L7: =IF(J7="🔴 KRITIS",B7,"") | M7: =IF(J7="🔴 KRITIS","SEGERA RESTOCK!",IF(J7="🟠 HAMPIR HABIS","Cek & Restock","")) -> Cek & Restock
A8: 2 | B8: Bumbu Mix | C8: 2 | D8: 0 | E8: pcs | F8: =C8+D8 -> 2 | G8: 450 | H8: 1 Plastik = 450 gr | I8: ='⚙️ Master Threshold'!E7 -> 1 | J8: =IF(I8=0,"—",IF(F8<=I8,"🔴 KRITIS",IF(F8<=I8*2,"🟠 HAMPIR HABIS","🟢 AMAN"))) -> 🟠 HAMPIR HABIS | L8: =IF(J8="🔴 KRITIS",B8,"") | M8: =IF(J8="🔴 KRITIS","SEGERA RESTOCK!",IF(J8="🟠 HAMPIR HABIS","Cek & Restock","")) -> Cek & Restock
A9: 3 | B9: Minyak liquid | C9: 18 | D9: 8 | E9: kg -+ | F9: =C9+D9 -> 26 | G9: 15 | H9: 1 Karton = 15 kg | I9: ='⚙️ Master Threshold'!E8 -> 5 | J9: =IF(I9=0,"—",IF(F9<=I9,"🔴 KRITIS",IF(F9<=I9*2,"🟠 HAMPIR HABIS","🟢 AMAN"))) -> 🟢 AMAN | L9: =IF(J9="🔴 KRITIS",B9,"") | M9: =IF(J9="🔴 KRITIS","SEGERA RESTOCK!",IF(J9="🟠 HAMPIR HABIS","Cek & Restock",""))
A10: 4 | B10: Bumbu Marinasi | C10: 0 | D10: 863 | E10: gr | F10: =C10+D10 -> 863 | G10: 1200 | H10: 1 Pack = 1200 gr | I10: ='⚙️ Master Threshold'!E9 -> 125 | J10: =IF(I10=0,"—",IF(F10<=I10,"🔴 KRITIS",IF(F10<=I10*2,"🟠 HAMPIR HABIS","🟢 AMAN"))) -> 🟢 AMAN | L10: =IF(J10="🔴 KRITIS",B10,"") | M10: =IF(J10="🔴 KRITIS","SEGERA RESTOCK!",IF(J10="🟠 HAMPIR HABIS","Cek & Restock",""))
A11: 5 | B11: Beras | C11: 0 | D11: 2.2 | E11: kg | F11: =C11+D11 -> 2 | G11: 5 | H11: 1 Karung = 5 kg | I11: ='⚙️ Master Threshold'!E10 -> 1 | J11: =IF(I11=0,"—",IF(F11<=I11,"🔴 KRITIS",IF(F11<=I11*2,"🟠 HAMPIR HABIS","🟢 AMAN"))) -> 🟢 AMAN | L11: =IF(J11="🔴 KRITIS",B11,"") | M11: =IF(J11="🔴 KRITIS","SEGERA RESTOCK!",IF(J11="🟠 HAMPIR HABIS","Cek & Restock",""))
A12: 6 | B12: Mango Mint | C12: 0 | D12: 41 | E12: gr | F12: =C12+D12-7 -> 34 | G12: 40 | H12: 1 Pack = 40 gr | I12: ='⚙️ Master Threshold'!E11 -> 8 | J12: =IF(I12=0,"—",IF(F12<=I12,"🔴 KRITIS",IF(F12<=I12*2,"🟠 HAMPIR HABIS","🟢 AMAN"))) -> 🟢 AMAN | L12: =IF(J12="🔴 KRITIS",B12,"") | M12: =IF(J12="🔴 KRITIS","SEGERA RESTOCK!",IF(J12="🟠 HAMPIR HABIS","Cek & Restock",""))
A13: 7 | B13: Mint Ice Cream | C13: 0 | D13: 30 | E13: gr | F13: =C13+D13-7 -> 23 | G13: 40 | H13: 1 Pack = 40 gr | I13: ='⚙️ Master Threshold'!E12 -> 8 | J13: =IF(I13=0,"—",IF(F13<=I13,"🔴 KRITIS",IF(F13<=I13*2,"🟠 HAMPIR HABIS","🟢 AMAN"))) -> 🟢 AMAN | L13: =IF(J13="🔴 KRITIS",B13,"") | M13: =IF(J13="🔴 KRITIS","SEGERA RESTOCK!",IF(J13="🟠 HAMPIR HABIS","Cek & Restock",""))
A14: 8 | B14: Vanilla Rose | C14: 0 | D14: 30 | E14: gr | F14: =C14+D14-7 -> 23 | G14: 40 | H14: 1 Pack = 40 gr | I14: ='⚙️ Master Threshold'!E13 -> 8 | J14: =IF(I14=0,"—",IF(F14<=I14,"🔴 KRITIS",IF(F14<=I14*2,"🟠 HAMPIR HABIS","🟢 AMAN"))) -> 🟢 AMAN | L14: =IF(J14="🔴 KRITIS",B14,"") | M14: =IF(J14="🔴 KRITIS","SEGERA RESTOCK!",IF(J14="🟠 HAMPIR HABIS","Cek & Restock",""))
A15: 9 | B15: Snowy Cheese | C15: 0 | D15: 472 | E15: gr | F15: =C15+D15-115 -> 357 | G15: 380 | H15: 1 Pack = 380 gr | I15: ='⚙️ Master Threshold'!E14 -> 380 | J15: =IF(I15=0,"—",IF(F15<=I15,"🔴 KRITIS",IF(F15<=I15*2,"🟠 HAMPIR HABIS","🟢 AMAN"))) -> 🔴 KRITIS | L15: =IF(J15="🔴 KRITIS",B15,"") -> Snowy Cheese | M15: =IF(J15="🔴 KRITIS","SEGERA RESTOCK!",IF(J15="🟠 HAMPIR HABIS","Cek & Restock","")) -> SEGERA RESTOCK!
A16: 10 | B16: Tepung Panir | C16: 0 | D16: 329 | E16: gr | F16: =C16+D16 -> 329 | G16: 200 | H16: 1 Plastik = 200 gr | I16: ='⚙️ Master Threshold'!E15 -> 125 | J16: =IF(I16=0,"—",IF(F16<=I16,"🔴 KRITIS",IF(F16<=I16*2,"🟠 HAMPIR HABIS","🟢 AMAN"))) -> 🟢 AMAN | L16: =IF(J16="🔴 KRITIS",B16,"") | M16: =IF(J16="🔴 KRITIS","SEGERA RESTOCK!",IF(J16="🟠 HAMPIR HABIS","Cek & Restock",""))
A17: 11 | B17: Tepung Corndog | C17: 0 | D17: 599 | E17: gr | F17: =C17+D17 -> 599 | G17: 1000 | H17: 1 Plastik = 1 kg | I17: ='⚙️ Master Threshold'!E16 -> 0 | J17: =IF(I17=0,"—",IF(F17<=I17,"🔴 KRITIS",IF(F17<=I17*2,"🟠 HAMPIR HABIS","🟢 AMAN"))) -> — | L17: =IF(J17="🔴 KRITIS",B17,"") | M17: =IF(J17="🔴 KRITIS","SEGERA RESTOCK!",IF(J17="🟠 HAMPIR HABIS","Cek & Restock",""))
A18: 12 | B18: Cabe Sachet | C18: 24 | D18: 19 | E18: pcs | F18: =C18+D18 -> 43 | G18: 24 | H18: 1 Pack = 24 pcs | I18: ='⚙️ Master Threshold'!E17 -> 10 | J18: =IF(I18=0,"—",IF(F18<=I18,"🔴 KRITIS",IF(F18<=I18*2,"🟠 HAMPIR HABIS","🟢 AMAN"))) -> 🟢 AMAN | L18: =IF(J18="🔴 KRITIS",B18,"") | M18: =IF(J18="🔴 KRITIS","SEGERA RESTOCK!",IF(J18="🟠 HAMPIR HABIS","Cek & Restock",""))
A19: 13 | B19: Tomat Sachet | C19: 48 | D19: 1 | E19: pcs | F19: =C19+D19 -> 49 | G19: 24 | H19: 1 Pack = 24 pcs | I19: ='⚙️ Master Threshold'!E18 -> 10 | J19: =IF(I19=0,"—",IF(F19<=I19,"🔴 KRITIS",IF(F19<=I19*2,"🟠 HAMPIR HABIS","🟢 AMAN"))) -> 🟢 AMAN | L19: =IF(J19="🔴 KRITIS",B19,"") | M19: =IF(J19="🔴 KRITIS","SEGERA RESTOCK!",IF(J19="🟠 HAMPIR HABIS","Cek & Restock",""))
A20: 14 | B20: Nori | C20: 86 | D20: 23 | E20: gr | F20: =C20+D20-22 -> 87 | G20: 50 | H20: 1 Pack = 50 gr | I20: ='⚙️ Master Threshold'!E19 -> 30 | J20: =IF(I20=0,"—",IF(F20<=I20,"🔴 KRITIS",IF(F20<=I20*2,"🟠 HAMPIR HABIS","🟢 AMAN"))) -> 🟢 AMAN | L20: =IF(J20="🔴 KRITIS",B20,"") | M20: =IF(J20="🔴 KRITIS","SEGERA RESTOCK!",IF(J20="🟠 HAMPIR HABIS","Cek & Restock",""))
A21: 15 | B21: Biji Wijen | C21: =200+44 -> 244 | D21: 51 | E21: gr | F21: =C21+D21-22 -> 273 | G21: 100 | H21: 1 Pack = 100/250 gr | I21: ='⚙️ Master Threshold'!E20 -> 30 | J21: =IF(I21=0,"—",IF(F21<=I21,"🔴 KRITIS",IF(F21<=I21*2,"🟠 HAMPIR HABIS","🟢 AMAN"))) -> 🟢 AMAN | L21: =IF(J21="🔴 KRITIS",B21,"") | M21: =IF(J21="🔴 KRITIS","SEGERA RESTOCK!",IF(J21="🟠 HAMPIR HABIS","Cek & Restock",""))
A22: 16 | B22: Gula Putih | C22: 0 | D22: 295 | E22: gr | F22: =C22+D22-195 -> 100 | G22: 1000 | H22: 1 Plastik = 1 kg | I22: ='⚙️ Master Threshold'!E21 -> 100 | J22: =IF(I22=0,"—",IF(F22<=I22,"🔴 KRITIS",IF(F22<=I22*2,"🟠 HAMPIR HABIS","🟢 AMAN"))) -> 🔴 KRITIS | L22: =IF(J22="🔴 KRITIS",B22,"") -> Gula Putih | M22: =IF(J22="🔴 KRITIS","SEGERA RESTOCK!",IF(J22="🟠 HAMPIR HABIS","Cek & Restock","")) -> SEGERA RESTOCK!
A23: 17 | B23: Garam | C23: 104 | D23: 616 | E23: gr | F23: =C23+D23-265 -> 455 | G23: 400 | H23: 1 Pack = 400 gr | I23: ='⚙️ Master Threshold'!E22 -> 20 | J23: =IF(I23=0,"—",IF(F23<=I23,"🔴 KRITIS",IF(F23<=I23*2,"🟠 HAMPIR HABIS","🟢 AMAN"))) -> 🟢 AMAN | L23: =IF(J23="🔴 KRITIS",B23,"") | M23: =IF(J23="🔴 KRITIS","SEGERA RESTOCK!",IF(J23="🟠 HAMPIR HABIS","Cek & Restock",""))
A24: 18 | B24: Cajun | C24: 0 | D24: 51 | E24: gr | F24: =C24+D24-40 -> 11 | G24: 500 | H24: 1 Pack = 500 gr | I24: ='⚙️ Master Threshold'!E23 -> 20 | J24: =IF(I24=0,"—",IF(F24<=I24,"🔴 KRITIS",IF(F24<=I24*2,"🟠 HAMPIR HABIS","🟢 AMAN"))) -> 🔴 KRITIS | L24: =IF(J24="🔴 KRITIS",B24,"") -> Cajun | M24: =IF(J24="🔴 KRITIS","SEGERA RESTOCK!",IF(J24="🟠 HAMPIR HABIS","Cek & Restock","")) -> SEGERA RESTOCK!
A25: 19 | B25: Samyang | C25: 232 | D25: 79 | E25: gr | F25: =C25+D25-45 -> 266 | G25: 200 | H25: 1 Botol = 200 gr | I25: ='⚙️ Master Threshold'!E24 -> 45 | J25: =IF(I25=0,"—",IF(F25<=I25,"🔴 KRITIS",IF(F25<=I25*2,"🟠 HAMPIR HABIS","🟢 AMAN"))) -> 🟢 AMAN | L25: =IF(J25="🔴 KRITIS",B25,"") | M25: =IF(J25="🔴 KRITIS","SEGERA RESTOCK!",IF(J25="🟠 HAMPIR HABIS","Cek & Restock",""))
A26: 20 | B26: Bon Cabe | C26: 0 | D26: 1 | E26: pcs | F26: =C26+D26 -> 1 | G26: 12 | H26: 1 Pack = 12 sachet | I26: ='⚙️ Master Threshold'!E25 -> 1 | J26: =IF(I26=0,"—",IF(F26<=I26,"🔴 KRITIS",IF(F26<=I26*2,"🟠 HAMPIR HABIS","🟢 AMAN"))) -> 🔴 KRITIS | L26: =IF(J26="🔴 KRITIS",B26,"") -> Bon Cabe | M26: =IF(J26="🔴 KRITIS","SEGERA RESTOCK!",IF(J26="🟠 HAMPIR HABIS","Cek & Restock","")) -> SEGERA RESTOCK!
A27: 21 | B27: Plastik 15 | C27: 0 | D27: 1 | E27: pax | F27: =C27+D27 -> 1 | G27: 1 | H27: 1 Pack | I27: ='⚙️ Master Threshold'!E26 -> 1 | J27: =IF(I27=0,"—",IF(F27<=I27,"🔴 KRITIS",IF(F27<=I27*2,"🟠 HAMPIR HABIS","🟢 AMAN"))) -> 🔴 KRITIS | L27: =IF(J27="🔴 KRITIS",B27,"") -> Plastik 15 | M27: =IF(J27="🔴 KRITIS","SEGERA RESTOCK!",IF(J27="🟠 HAMPIR HABIS","Cek & Restock","")) -> SEGERA RESTOCK!
A28: 22 | B28: Plastik 24 | C28: 1 | D28: 1 | E28: pax | F28: =C28+D28 -> 2 | G28: 1 | H28: 1 Pack | I28: ='⚙️ Master Threshold'!E27 -> 1 | J28: =IF(I28=0,"—",IF(F28<=I28,"🔴 KRITIS",IF(F28<=I28*2,"🟠 HAMPIR HABIS","🟢 AMAN"))) -> 🟠 HAMPIR HABIS | L28: =IF(J28="🔴 KRITIS",B28,"") | M28: =IF(J28="🔴 KRITIS","SEGERA RESTOCK!",IF(J28="🟠 HAMPIR HABIS","Cek & Restock","")) -> Cek & Restock
A29: 23 | B29: Plastik 30 | C29: 1 | D29: 1 | E29: pax | F29: =C29+D29 -> 2 | G29: 1 | H29: 1 Pack | I29: ='⚙️ Master Threshold'!E28 -> 1 | J29: =IF(I29=0,"—",IF(F29<=I29,"🔴 KRITIS",IF(F29<=I29*2,"🟠 HAMPIR HABIS","🟢 AMAN"))) -> 🟠 HAMPIR HABIS | L29: =IF(J29="🔴 KRITIS",B29,"") | M29: =IF(J29="🔴 KRITIS","SEGERA RESTOCK!",IF(J29="🟠 HAMPIR HABIS","Cek & Restock","")) -> Cek & Restock
A30: 24 | B30: Kaldu Odeng | C30: 0 | D30: 301 | E30: gr | F30: =C30+D30 -> 301 | G30: 200 | H30: 1 Pack = 200 gr | I30: ='⚙️ Master Threshold'!E29 -> 100 | J30: =IF(I30=0,"—",IF(F30<=I30,"🔴 KRITIS",IF(F30<=I30*2,"🟠 HAMPIR HABIS","🟢 AMAN"))) -> 🟢 AMAN | L30: =IF(J30="🔴 KRITIS",B30,"") | M30: =IF(J30="🔴 KRITIS","SEGERA RESTOCK!",IF(J30="🟠 HAMPIR HABIS","Cek & Restock",""))
A31: 25 | B31: Baking Soda | C31: 0 | D31: 44 | E31: gr | F31: =C31+D31 -> 44 | G31: 80 | H31: 1 Botol = 80 gr | I31: ='⚙️ Master Threshold'!E30 -> 0 | J31: =IF(I31=0,"—",IF(F31<=I31,"🔴 KRITIS",IF(F31<=I31*2,"🟠 HAMPIR HABIS","🟢 AMAN"))) -> — | L31: =IF(J31="🔴 KRITIS",B31,"") | M31: =IF(J31="🔴 KRITIS","SEGERA RESTOCK!",IF(J31="🟠 HAMPIR HABIS","Cek & Restock",""))
A32: 26 | B32: Teh Tong Ji | C32: 0 | D32: 19 | E32: pcs | F32: =C32+D32 -> 19 | G32: 1 | H32: 1 Pack | I32: ='⚙️ Master Threshold'!E31 -> 3 | J32: =IF(I32=0,"—",IF(F32<=I32,"🔴 KRITIS",IF(F32<=I32*2,"🟠 HAMPIR HABIS","🟢 AMAN"))) -> 🟢 AMAN | L32: =IF(J32="🔴 KRITIS",B32,"") | M32: =IF(J32="🔴 KRITIS","SEGERA RESTOCK!",IF(J32="🟠 HAMPIR HABIS","Cek & Restock",""))
A33: 27 | B33: Dus Hampers | C33: 0 | D33: 1 | E33: pcs | F33: =C33+D33 -> 1 | G33: 100 | H33: 1 Pack = 100 pcs | I33: ='⚙️ Master Threshold'!E32 -> 0 | J33: =IF(I33=0,"—",IF(F33<=I33,"🔴 KRITIS",IF(F33<=I33*2,"🟠 HAMPIR HABIS","🟢 AMAN"))) -> — | L33: =IF(J33="🔴 KRITIS",B33,"") | M33: =IF(J33="🔴 KRITIS","SEGERA RESTOCK!",IF(J33="🟠 HAMPIR HABIS","Cek & Restock",""))
A34: 28 | B34: Box Berbagi | C34: 0 | D34: 0 | E34: pcs | F34: =C34+D34 -> 0 | G34: 50 | H34: 1 Pack = 50/100 pcs | I34: ='⚙️ Master Threshold'!E33 -> 0 | J34: =IF(I34=0,"—",IF(F34<=I34,"🔴 KRITIS",IF(F34<=I34*2,"🟠 HAMPIR HABIS","🟢 AMAN"))) -> — | L34: =IF(J34="🔴 KRITIS",B34,"") | M34: =IF(J34="🔴 KRITIS","SEGERA RESTOCK!",IF(J34="🟠 HAMPIR HABIS","Cek & Restock",""))
A35: 29 | B35: Botol Hampers | C35: 0 | D35: 3 | E35: pcs | F35: =C35+D35 -> 3 | G35: 25 | H35: 1 Pack = 25 pcs | I35: ='⚙️ Master Threshold'!E34 -> 0 | J35: =IF(I35=0,"—",IF(F35<=I35,"🔴 KRITIS",IF(F35<=I35*2,"🟠 HAMPIR HABIS","🟢 AMAN"))) -> — | L35: =IF(J35="🔴 KRITIS",B35,"") | M35: =IF(J35="🔴 KRITIS","SEGERA RESTOCK!",IF(J35="🟠 HAMPIR HABIS","Cek & Restock",""))
A36: 30 | B36: Gas Torch | C36: 0 | D36: 206 | E36: gr | F36: =C36+D36-110 -> 96 | H36: — | I36: ='⚙️ Master Threshold'!E35 -> 100 | J36: =IF(I36=0,"—",IF(F36<=I36,"🔴 KRITIS",IF(F36<=I36*2,"🟠 HAMPIR HABIS","🟢 AMAN"))) -> 🔴 KRITIS | L36: =IF(J36="🔴 KRITIS",B36,"") -> Gas Torch | M36: =IF(J36="🔴 KRITIS","SEGERA RESTOCK!",IF(J36="🟠 HAMPIR HABIS","Cek & Restock","")) -> SEGERA RESTOCK!
A37: 31 | B37: Katsubuoshi | C37: 0 | D37: 33 | E37: gr | F37: =C37+D37 -> 33 | G37: 50 | H37: 1 Pack = 50 gr | I37: ='⚙️ Master Threshold'!E36 -> 5 | J37: =IF(I37=0,"—",IF(F37<=I37,"🔴 KRITIS",IF(F37<=I37*2,"🟠 HAMPIR HABIS","🟢 AMAN"))) -> 🟢 AMAN | L37: =IF(J37="🔴 KRITIS",B37,"") | M37: =IF(J37="🔴 KRITIS","SEGERA RESTOCK!",IF(J37="🟠 HAMPIR HABIS","Cek & Restock",""))
A38: 32 | B38: Spray Lemon Pepper | C38: 0 | D38: 63 | E38: gr | F38: =C38+D38 -> 63 | I38: ='⚙️ Master Threshold'!E37 -> 40 | J38: =IF(I38=0,"—",IF(F38<=I38,"🔴 KRITIS",IF(F38<=I38*2,"🟠 HAMPIR HABIS","🟢 AMAN"))) -> 🟠 HAMPIR HABIS
A39: 33 | B39: Lemon Papper | C39: 0 | D39: 322 | E39: gr | F39: =C39+D39-42 -> 280 | I39: ='⚙️ Master Threshold'!E38 -> 100 | J39: =IF(I39=0,"—",IF(F39<=I39,"🔴 KRITIS",IF(F39<=I39*2,"🟠 HAMPIR HABIS","🟢 AMAN"))) -> 🟢 AMAN
A40: ▶ CHILLER
A41: 1 | B41: Ultra (susu) | C41: 1000 | D41: 524 | E41: gr | F41: =C41+D41 -> 1524 | G41: 1000 | H41: 1 Dus = 1000 ml | I41: ='⚙️ Master Threshold'!E39 -> 250 | J41: =IF(I41=0,"—",IF(F41<=I41,"🔴 KRITIS",IF(F41<=I41*2,"🟠 HAMPIR HABIS","🟢 AMAN"))) -> 🟢 AMAN | L41: =IF(J41="🔴 KRITIS",B41,"") | M41: =IF(J41="🔴 KRITIS","SEGERA RESTOCK!",IF(J41="🟠 HAMPIR HABIS","Cek & Restock",""))
A42: 2 | B42: Air Gula | C42: 393 | D42: 184 | E42: gr -+ | F42: =C42+D42 -> 577 | G42: 350 | H42: 1 Botol = 350 ml | I42: ='⚙️ Master Threshold'!E40 -> 100 | J42: =IF(I42=0,"—",IF(F42<=I42,"🔴 KRITIS",IF(F42<=I42*2,"🟠 HAMPIR HABIS","🟢 AMAN"))) -> 🟢 AMAN | L42: =IF(J42="🔴 KRITIS",B42,"") | M42: =IF(J42="🔴 KRITIS","SEGERA RESTOCK!",IF(J42="🟠 HAMPIR HABIS","Cek & Restock",""))
A43: 3 | B43: Mozzarella | C43: 512 | D43: 163 | E43: gr | F43: =C43+D43 -> 675 | G43: 250 | H43: 1 Pack = 250 gr | I43: ='⚙️ Master Threshold'!E41 -> 200 | J43: =IF(I43=0,"—",IF(F43<=I43,"🔴 KRITIS",IF(F43<=I43*2,"🟠 HAMPIR HABIS","🟢 AMAN"))) -> 🟢 AMAN | L43: =IF(J43="🔴 KRITIS",B43,"") | M43: =IF(J43="🔴 KRITIS","SEGERA RESTOCK!",IF(J43="🟠 HAMPIR HABIS","Cek & Restock",""))
A44: 4 | B44: Kimchi | C44: 0 | D44: 906 | E44: gr | F44: =C44+D44-185 -> 721 | G44: 1000 | H44: 1 Plastik = 1000 gr | I44: ='⚙️ Master Threshold'!E42 -> 90 | J44: =IF(I44=0,"—",IF(F44<=I44,"🔴 KRITIS",IF(F44<=I44*2,"🟠 HAMPIR HABIS","🟢 AMAN"))) -> 🟢 AMAN | L44: =IF(J44="🔴 KRITIS",B44,"") | M44: =IF(J44="🔴 KRITIS","SEGERA RESTOCK!",IF(J44="🟠 HAMPIR HABIS","Cek & Restock",""))
A45: 5 | B45: Salted Egg | C45: 0 | D45: 0 | E45: gr | F45: =C45+D45-42 -> -42 | G45: 450 | H45: 1 Toples = 450 gr | I45: ='⚙️ Master Threshold'!E43 -> 90 | J45: =IF(I45=0,"—",IF(F45<=I45,"🔴 KRITIS",IF(F45<=I45*2,"🟠 HAMPIR HABIS","🟢 AMAN"))) -> 🔴 KRITIS | L45: =IF(J45="🔴 KRITIS",B45,"") -> Salted Egg | M45: =IF(J45="🔴 KRITIS","SEGERA RESTOCK!",IF(J45="🟠 HAMPIR HABIS","Cek & Restock","")) -> SEGERA RESTOCK!
A46: 6 | B46: Saos Onion | C46: 0 | D46: 785 | E46: gr | F46: =C46+D46-115 -> 670 | G46: 1000 | H46: 1 Toples = 1000 gr | I46: ='⚙️ Master Threshold'!E44 -> 40 | J46: =IF(I46=0,"—",IF(F46<=I46,"🔴 KRITIS",IF(F46<=I46*2,"🟠 HAMPIR HABIS","🟢 AMAN"))) -> 🟢 AMAN | L46: =IF(J46="🔴 KRITIS",B46,"") | M46: =IF(J46="🔴 KRITIS","SEGERA RESTOCK!",IF(J46="🟠 HAMPIR HABIS","Cek & Restock",""))
A47: 7 | B47: Yangnyeom | C47: 0 | D47: 0 | E47: gr | F47: =C47+D47-42 -> -42 | G47: 400 | H47: 1 Toples = 400 gr | I47: ='⚙️ Master Threshold'!E45 -> 90 | J47: =IF(I47=0,"—",IF(F47<=I47,"🔴 KRITIS",IF(F47<=I47*2,"🟠 HAMPIR HABIS","🟢 AMAN"))) -> 🔴 KRITIS | L47: =IF(J47="🔴 KRITIS",B47,"") -> Yangnyeom | M47: =IF(J47="🔴 KRITIS","SEGERA RESTOCK!",IF(J47="🟠 HAMPIR HABIS","Cek & Restock","")) -> SEGERA RESTOCK!
A48: 8 | B48: Garlic Parmesan | C48: 0 | D48: 286 | E48: gr -+ | F48: =C48+D48-42 -> 244 | G48: 450 | H48: 1 Toples = 450 gr | I48: ='⚙️ Master Threshold'!E46 -> 90 | J48: =IF(I48=0,"—",IF(F48<=I48,"🔴 KRITIS",IF(F48<=I48*2,"🟠 HAMPIR HABIS","🟢 AMAN"))) -> 🟢 AMAN | L48: =IF(J48="🔴 KRITIS",B48,"") | M48: =IF(J48="🔴 KRITIS","SEGERA RESTOCK!",IF(J48="🟠 HAMPIR HABIS","Cek & Restock",""))
A49: 9 | B49: Takoyaki | C49: 0 | D49: 152 | E49: gr | F49: =C49+D49 -> 152 | H49: — | I49: ='⚙️ Master Threshold'!E47 -> 25 | J49: =IF(I49=0,"—",IF(F49<=I49,"🔴 KRITIS",IF(F49<=I49*2,"🟠 HAMPIR HABIS","🟢 AMAN"))) -> 🟢 AMAN | L49: =IF(J49="🔴 KRITIS",B49,"") | M49: =IF(J49="🔴 KRITIS","SEGERA RESTOCK!",IF(J49="🟠 HAMPIR HABIS","Cek & Restock",""))
A50: 10 | B50: Bawang Bombay | C50: 380 | D50: 44 | E50: gr | F50: =C50+D50 -> 424 | G50: 1 | H50: 1 Siung = 1 pcs | I50: ='⚙️ Master Threshold'!E48 -> 25 | J50: =IF(I50=0,"—",IF(F50<=I50,"🔴 KRITIS",IF(F50<=I50*2,"🟠 HAMPIR HABIS","🟢 AMAN"))) -> 🟢 AMAN | L50: =IF(J50="🔴 KRITIS",B50,"") | M50: =IF(J50="🔴 KRITIS","SEGERA RESTOCK!",IF(J50="🟠 HAMPIR HABIS","Cek & Restock",""))
A51: 11 | B51: Selai Soju | C51: 0 | D51: 0 | E51: gr | F51: =C51+D51 -> 0 | G51: 700 | H51: 1 Pack = 700 ml | I51: ='⚙️ Master Threshold'!E49 -> 0 | J51: =IF(I51=0,"—",IF(F51<=I51,"🔴 KRITIS",IF(F51<=I51*2,"🟠 HAMPIR HABIS","🟢 AMAN"))) -> — | L51: =IF(J51="🔴 KRITIS",B51,"") | M51: =IF(J51="🔴 KRITIS","SEGERA RESTOCK!",IF(J51="🟠 HAMPIR HABIS","Cek & Restock",""))
A52: 12 | B52: Gochujang | C52: 922 | D52: 1319 | E52: gr -+ | F52: =C52+D52-465 -> 1776 | G52: 1000 | H52: 1 Pack = 1 kg | I52: ='⚙️ Master Threshold'!E50 -> 1000 | J52: =IF(I52=0,"—",IF(F52<=I52,"🔴 KRITIS",IF(F52<=I52*2,"🟠 HAMPIR HABIS","🟢 AMAN"))) -> 🟠 HAMPIR HABIS | L52: =IF(J52="🔴 KRITIS",B52,"") | M52: =IF(J52="🔴 KRITIS","SEGERA RESTOCK!",IF(J52="🟠 HAMPIR HABIS","Cek & Restock","")) -> Cek & Restock
A53: 13 | B53: BBQ Sauce | C53: 0 | D53: 1044 | E53: gr -+ | F53: =C53+D53-465 -> 579 | G53: 1000 | H53: 1 Pack = 1 kg | I53: ='⚙️ Master Threshold'!E51 -> 1000 | J53: =IF(I53=0,"—",IF(F53<=I53,"🔴 KRITIS",IF(F53<=I53*2,"🟠 HAMPIR HABIS","🟢 AMAN"))) -> 🔴 KRITIS | L53: =IF(J53="🔴 KRITIS",B53,"") -> BBQ Sauce | M53: =IF(J53="🔴 KRITIS","SEGERA RESTOCK!",IF(J53="🟠 HAMPIR HABIS","Cek & Restock","")) -> SEGERA RESTOCK!
A54: 14 | B54: Mentai | C54: 525 | D54: 362 | E54: gr | F54: =C54+D54-45 -> 842 | G54: 1300 | H54: 1 Pack = 1300 gr | I54: ='⚙️ Master Threshold'!E52 -> 270 | J54: =IF(I54=0,"—",IF(F54<=I54,"🔴 KRITIS",IF(F54<=I54*2,"🟠 HAMPIR HABIS","🟢 AMAN"))) -> 🟢 AMAN | L54: =IF(J54="🔴 KRITIS",B54,"") | M54: =IF(J54="🔴 KRITIS","SEGERA RESTOCK!",IF(J54="🟠 HAMPIR HABIS","Cek & Restock",""))
A55: 15 | B55: Mayonaise | C55: 459 | D55: 308 | E55: gr | F55: =C55+D55-45 -> 722 | G55: 1000 | H55: 1 Pack = 1000 gr | I55: ='⚙️ Master Threshold'!E53 -> 250 | J55: =IF(I55=0,"—",IF(F55<=I55,"🔴 KRITIS",IF(F55<=I55*2,"🟠 HAMPIR HABIS","🟢 AMAN"))) -> 🟢 AMAN | L55: =IF(J55="🔴 KRITIS",B55,"") | M55: =IF(J55="🔴 KRITIS","SEGERA RESTOCK!",IF(J55="🟠 HAMPIR HABIS","Cek & Restock",""))
A56: 16 | B56: Topokki | C56: 1047 | D56: 409 | E56: gr -+ | F56: =C56+D56 -> 1456 | G56: 1000 | H56: 1 Pack = 1000 gr | I56: ='⚙️ Master Threshold'!E54 -> 48 | J56: =IF(I56=0,"—",IF(F56<=I56,"🔴 KRITIS",IF(F56<=I56*2,"🟠 HAMPIR HABIS","🟢 AMAN"))) -> 🟢 AMAN | L56: =IF(J56="🔴 KRITIS",B56,"") | M56: =IF(J56="🔴 KRITIS","SEGERA RESTOCK!",IF(J56="🟠 HAMPIR HABIS","Cek & Restock",""))
A57: 17 | B57: Sosis | C57: 16 | D57: 4 | E57: pcs -+ | F57: =C57+D57 -> 20 | G57: 7 | H57: 1 Pack = 7-8 pcs | I57: ='⚙️ Master Threshold'!E55 -> 4 | J57: =IF(I57=0,"—",IF(F57<=I57,"🔴 KRITIS",IF(F57<=I57*2,"🟠 HAMPIR HABIS","🟢 AMAN"))) -> 🟢 AMAN | L57: =IF(J57="🔴 KRITIS",B57,"") | M57: =IF(J57="🔴 KRITIS","SEGERA RESTOCK!",IF(J57="🟠 HAMPIR HABIS","Cek & Restock",""))
A58: 18 | B58: Gourmet | C58: 500 | D58: 198 | E58: gr | F58: =C58+D58 -> 698 | G58: 500 | H58: 1 Pack = 500 gr | I58: ='⚙️ Master Threshold'!E56 -> 250 | J58: =IF(I58=0,"—",IF(F58<=I58,"🔴 KRITIS",IF(F58<=I58*2,"🟠 HAMPIR HABIS","🟢 AMAN"))) -> 🟢 AMAN | L58: =IF(J58="🔴 KRITIS",B58,"") | M58: =IF(J58="🔴 KRITIS","SEGERA RESTOCK!",IF(J58="🟠 HAMPIR HABIS","Cek & Restock",""))
A59: 19 | B59: Pasta Strawberry | C59: 0 | D59: 166 | E59: gr | F59: =C59+D59 -> 166 | G59: 1000 | H59: 1 Pack = 1000 gr | I59: ='⚙️ Master Threshold'!E57 -> 70 | J59: =IF(I59=0,"—",IF(F59<=I59,"🔴 KRITIS",IF(F59<=I59*2,"🟠 HAMPIR HABIS","🟢 AMAN"))) -> 🟢 AMAN | L59: =IF(J59="🔴 KRITIS",B59,"") | M59: =IF(J59="🔴 KRITIS","SEGERA RESTOCK!",IF(J59="🟠 HAMPIR HABIS","Cek & Restock",""))
A60: 20 | B60: Pasta Blueberry | C60: 0 | D60: 206 | E60: gr | F60: =C60+D60 -> 206 | G60: 1000 | H60: 1 Pack = 1000 gr | I60: ='⚙️ Master Threshold'!E58 -> 70 | J60: =IF(I60=0,"—",IF(F60<=I60,"🔴 KRITIS",IF(F60<=I60*2,"🟠 HAMPIR HABIS","🟢 AMAN"))) -> 🟢 AMAN | L60: =IF(J60="🔴 KRITIS",B60,"") | M60: =IF(J60="🔴 KRITIS","SEGERA RESTOCK!",IF(J60="🟠 HAMPIR HABIS","Cek & Restock",""))
A61: 21 | B61: Pasta Banana | C61: 0 | D61: 70 | E61: gr | F61: =C61+D61-50 -> 20 | G61: 650 | H61: 1 Btl = 650 ml | I61: ='⚙️ Master Threshold'!E59 -> 290 | J61: =IF(I61=0,"—",IF(F61<=I61,"🔴 KRITIS",IF(F61<=I61*2,"🟠 HAMPIR HABIS","🟢 AMAN"))) -> 🔴 KRITIS | L61: =IF(J61="🔴 KRITIS",B61,"") -> Pasta Banana | M61: =IF(J61="🔴 KRITIS","SEGERA RESTOCK!",IF(J61="🟠 HAMPIR HABIS","Cek & Restock","")) -> SEGERA RESTOCK!
A62: 22 | B62: Air Mineral | C62: 12 | D62: 15 | E62: pcs -+ | F62: =C62+D62 -> 27 | G62: 12 | H62: 1 Dus = 12 pcs | I62: ='⚙️ Master Threshold'!E60 -> 8 | J62: =IF(I62=0,"—",IF(F62<=I62,"🔴 KRITIS",IF(F62<=I62*2,"🟠 HAMPIR HABIS","🟢 AMAN"))) -> 🟢 AMAN | L62: =IF(J62="🔴 KRITIS",B62,"") | M62: =IF(J62="🔴 KRITIS","SEGERA RESTOCK!",IF(J62="🟠 HAMPIR HABIS","Cek & Restock",""))
A63: 23 | B63: Keju Parmesan | C63: 100 | D63: 86 | E63: gr | F63: =C63+D63 -> 186 | G63: 100 | H63: 1 Plastik = 100 gr | I63: ='⚙️ Master Threshold'!E61 -> 40 | J63: =IF(I63=0,"—",IF(F63<=I63,"🔴 KRITIS",IF(F63<=I63*2,"🟠 HAMPIR HABIS","🟢 AMAN"))) -> 🟢 AMAN | L63: =IF(J63="🔴 KRITIS",B63,"") | M63: =IF(J63="🔴 KRITIS","SEGERA RESTOCK!",IF(J63="🟠 HAMPIR HABIS","Cek & Restock",""))
A64: 24 | B64: Chili Oil Jago-Jago | C64: 0 | D64: 181 | E64: gr | F64: =C64+D64-42 -> 139 | H64: — | I64: ='⚙️ Master Threshold'!E62 -> 100 | J64: =IF(I64=0,"—",IF(F64<=I64,"🔴 KRITIS",IF(F64<=I64*2,"🟠 HAMPIR HABIS","🟢 AMAN"))) -> 🟠 HAMPIR HABIS | L64: =IF(J64="🔴 KRITIS",B64,"") | M64: =IF(J64="🔴 KRITIS","SEGERA RESTOCK!",IF(J64="🟠 HAMPIR HABIS","Cek & Restock","")) -> Cek & Restock
A65: 25 | B65: Cheese Tteokbokki | C65: 210 | D65: 115 | E65: gr | F65: =C65+D65-25 -> 300 | G65: 205 | H65: 1 Pack = 205 gr | I65: ='⚙️ Master Threshold'!E63 -> 75 | J65: =IF(I65=0,"—",IF(F65<=I65,"🔴 KRITIS",IF(F65<=I65*2,"🟠 HAMPIR HABIS","🟢 AMAN"))) -> 🟢 AMAN | L65: =IF(J65="🔴 KRITIS",B65,"") | M65: =IF(J65="🔴 KRITIS","SEGERA RESTOCK!",IF(J65="🟠 HAMPIR HABIS","Cek & Restock",""))
A66: 26 | B66: Nashville | C66: 0 | D66: 0 | E66: gr | F66: =C66+D66-42 -> -42 | G66: 350 | H66: 1 Toples = 350 ml | I66: ='⚙️ Master Threshold'!E64 -> 100 | J66: =IF(I66=0,"—",IF(F66<=I66,"🔴 KRITIS",IF(F66<=I66*2,"🟠 HAMPIR HABIS","🟢 AMAN"))) -> 🔴 KRITIS | L66: =IF(J66="🔴 KRITIS",B66,"") -> Nashville | M66: =IF(J66="🔴 KRITIS","SEGERA RESTOCK!",IF(J66="🟠 HAMPIR HABIS","Cek & Restock","")) -> SEGERA RESTOCK!
A67: TOTAL ITEM DICE | F67: =COUNTA(B6:B66)-COUNTIF(B6:B66,"") -> 57 | G67: ITEM KRITIS: | J67: =COUNTIF(J6:J66,"🔴 KRITIS") -> 11 | K67: =COUNTIF(J6:J66,"🟠 HAMPIR HABIS")&" item hampir habis" -> 7 item hampir habis

Sheet Freezer & Alat
A1: 📋 STOK OPNAME HARIAN — FREEZER, AYAM & ALAT
A2: TANGGAL / HARI | C2: 46257 | E2: HARI | G2: =TEXT(C2,"DDDD") -> Sunday | I2: NAMA PETUGAS | K2: Candra
A3: KETERANGAN WARNA STATUS: 🔴 STOK HABIS / KRITIS 🟠 STOK HAMPIR HABIS (< 2× Threshold) 🟢 STOK AMAN
A5: No | B5: NAMA BARANG | C5: STEP 1 HITUNG UTUH (Qty) | D5: STEP 2 HITUNG TERBUKA (Qty) | E5: SATUAN | F5: TOTAL (Step1 + Step2) | G5: KONVERSI (Isi per Pack) | H5: KONVERSI (Keterangan) | I5: MIN THRESHOLD | J5: STATUS STOK | L5: REQUEST BARANG HABIS / KRITIS | M5: QTY Request
A6: 4.8
A7: 1 | B7: Wings Baru | C7: 5 | D7: 0 | E7: kg | F7: =C7+D7 -> 5 | H7: — | I7: ='⚙️ Master Threshold'!E66 -> 2 | J7: =IF(I7=0,"—",IF(F7<=I7,"🔴 KRITIS",IF(F7<=I7*2,"🟠 HAMPIR HABIS","🟢 AMAN"))) -> 🟢 AMAN | L7: =IF(J7="🔴 KRITIS",B7,"") | M7: =IF(J7="🔴 KRITIS","SEGERA RESTOCK!",IF(J7="🟠 HAMPIR HABIS","Cek & Restock",""))
A8: 2 | B8: Wings Lama | C8: 0 | D8: 2 | E8: kg | F8: =C8+D8 -> 2 | H8: — | I8: ='⚙️ Master Threshold'!E67 -> 1 | J8: =IF(I8=0,"—",IF(F8<=I8,"🔴 KRITIS",IF(F8<=I8*2,"🟠 HAMPIR HABIS","🟢 AMAN"))) -> 🟠 HAMPIR HABIS | L8: =IF(J8="🔴 KRITIS",B8,"") | M8: =IF(J8="🔴 KRITIS","SEGERA RESTOCK!",IF(J8="🟠 HAMPIR HABIS","Cek & Restock","")) -> Cek & Restock
A9: 3 | B9: Pop (baru) | C9: 5 | D9: 3.7 | E9: kg | F9: =C9+D9 -> 8.7 | H9: — | I9: ='⚙️ Master Threshold'!E68 -> 2 | J9: =IF(I9=0,"—",IF(F9<=I9,"🔴 KRITIS",IF(F9<=I9*2,"🟠 HAMPIR HABIS","🟢 AMAN"))) -> 🟢 AMAN | L9: =IF(J9="🔴 KRITIS",B9,"") | M9: =IF(J9="🔴 KRITIS","SEGERA RESTOCK!",IF(J9="🟠 HAMPIR HABIS","Cek & Restock",""))
A10: 4 | B10: Pop (lama) | C10: 0 | D10: 2.4 | E10: kg | F10: =C10+D10 -> 2.4 | H10: — | I10: ='⚙️ Master Threshold'!E69 -> 1 | J10: =IF(I10=0,"—",IF(F10<=I10,"🔴 KRITIS",IF(F10<=I10*2,"🟠 HAMPIR HABIS","🟢 AMAN"))) -> 🟢 AMAN | L10: =IF(J10="🔴 KRITIS",B10,"") | M10: =IF(J10="🔴 KRITIS","SEGERA RESTOCK!",IF(J10="🟠 HAMPIR HABIS","Cek & Restock",""))
A11: 5 | B11: Ayam Ekor | C11: 0 | D11: 0 | E11: pcs | F11: =C11+D11 -> 0 | H11: — | I11: ='⚙️ Master Threshold'!E70 -> 5 | J11: =IF(I11=0,"—",IF(F11<=I11,"🔴 KRITIS",IF(F11<=I11*2,"🟠 HAMPIR HABIS","🟢 AMAN"))) -> 🔴 KRITIS | L11: =IF(J11="🔴 KRITIS",B11,"") -> Ayam Ekor | M11: =IF(J11="🔴 KRITIS","SEGERA RESTOCK!",IF(J11="🟠 HAMPIR HABIS","Cek & Restock","")) -> SEGERA RESTOCK!
A12: 6 | B12: Reguler Lama | C12: 0 | D12: 0 | E12: kg | F12: =C12+D12 -> 0 | H12: — | I12: ='⚙️ Master Threshold'!E71 -> 2 | J12: =IF(I12=0,"—",IF(F12<=I12,"🔴 KRITIS",IF(F12<=I12*2,"🟠 HAMPIR HABIS","🟢 AMAN"))) -> 🔴 KRITIS | L12: =IF(J12="🔴 KRITIS",B12,"") -> Reguler Lama | M12: =IF(J12="🔴 KRITIS","SEGERA RESTOCK!",IF(J12="🟠 HAMPIR HABIS","Cek & Restock","")) -> SEGERA RESTOCK!
A13: 7 | B13: Reguler Baru | C13: 0 | D13: 0 | E13: kg | F13: =C13+D13 -> 0 | H13: — | I13: ='⚙️ Master Threshold'!E72 -> 2 | J13: =IF(I13=0,"—",IF(F13<=I13,"🔴 KRITIS",IF(F13<=I13*2,"🟠 HAMPIR HABIS","🟢 AMAN"))) -> 🔴 KRITIS | L13: =IF(J13="🔴 KRITIS",B13,"") -> Reguler Baru | M13: =IF(J13="🔴 KRITIS","SEGERA RESTOCK!",IF(J13="🟠 HAMPIR HABIS","Cek & Restock","")) -> SEGERA RESTOCK!
A14: 8 | B14: Es Batu | C14: 1 | D14: 0.4 | E14: bungkus -+ | F14: =C14+D14 -> 12/31 | H14: — | I14: ='⚙️ Master Threshold'!E73 -> 0.5 | J14: =IF(I14=0,"—",IF(F14<=I14,"🔴 KRITIS",IF(F14<=I14*2,"🟠 HAMPIR HABIS","🟢 AMAN"))) -> 🟢 AMAN | L14: =IF(J14="🔴 KRITIS",B14,"") | M14: =IF(J14="🔴 KRITIS","SEGERA RESTOCK!",IF(J14="🟠 HAMPIR HABIS","Cek & Restock",""))
A15: 9 | B15: Kentang | C15: 1 | D15: 11 | E15: pcs | F15: =C15+D15 -> 12 | H15: — | I15: ='⚙️ Master Threshold'!E74 -> 3 | J15: =IF(I15=0,"—",IF(F15<=I15,"🔴 KRITIS",IF(F15<=I15*2,"🟠 HAMPIR HABIS","🟢 AMAN"))) -> 🟢 AMAN | L15: =IF(J15="🔴 KRITIS",B15,"") | M15: =IF(J15="🔴 KRITIS","SEGERA RESTOCK!",IF(J15="🟠 HAMPIR HABIS","Cek & Restock",""))
A16: 10 | B16: Corndog Moza+Sosis | C16: 0 | D16: 2 | E16: pcs | F16: =C16+D16 -> 2 | H16: — | I16: ='⚙️ Master Threshold'!E75 -> 3 | J16: =IF(I16=0,"—",IF(F16<=I16,"🔴 KRITIS",IF(F16<=I16*2,"🟠 HAMPIR HABIS","🟢 AMAN"))) -> 🔴 KRITIS | L16: =IF(J16="🔴 KRITIS",B16,"") -> Corndog Moza+Sosis | M16: =IF(J16="🔴 KRITIS","SEGERA RESTOCK!",IF(J16="🟠 HAMPIR HABIS","Cek & Restock","")) -> SEGERA RESTOCK!
A17: 11 | B17: Corndog Sosis | C17: 0 | D17: 4 | E17: pcs | F17: =C17+D17 -> 4 | H17: — | I17: ='⚙️ Master Threshold'!E76 -> 3 | J17: =IF(I17=0,"—",IF(F17<=I17,"🔴 KRITIS",IF(F17<=I17*2,"🟠 HAMPIR HABIS","🟢 AMAN"))) -> 🟠 HAMPIR HABIS | L17: =IF(J17="🔴 KRITIS",B17,"") | M17: =IF(J17="🔴 KRITIS","SEGERA RESTOCK!",IF(J17="🟠 HAMPIR HABIS","Cek & Restock","")) -> Cek & Restock
A18: 12 | B18: Odeng (porsi) | C18: 0 | D18: 0 | E18: porsi | F18: =C18+D18 -> 0 | G18: 2 | H18: 2 lembar = 1 porsi | I18: ='⚙️ Master Threshold'!E77 -> 5 | J18: =IF(I18=0,"—",IF(F18<=I18,"🔴 KRITIS",IF(F18<=I18*2,"🟠 HAMPIR HABIS","🟢 AMAN"))) -> 🔴 KRITIS | L18: =IF(J18="🔴 KRITIS",B18,"") -> Odeng (porsi) | M18: =IF(J18="🔴 KRITIS","SEGERA RESTOCK!",IF(J18="🟠 HAMPIR HABIS","Cek & Restock","")) -> SEGERA RESTOCK!
A19: 13 | B19: Baso Ikan | C19: 15 | D19: 1 | E19: pcs | F19: =C19+D19 -> 16 | H19: — | I19: ='⚙️ Master Threshold'!E78 -> 5 | J19: =IF(I19=0,"—",IF(F19<=I19,"🔴 KRITIS",IF(F19<=I19*2,"🟠 HAMPIR HABIS","🟢 AMAN"))) -> 🟢 AMAN | L19: =IF(J19="🔴 KRITIS",B19,"") | M19: =IF(J19="🔴 KRITIS","SEGERA RESTOCK!",IF(J19="🟠 HAMPIR HABIS","Cek & Restock",""))
A20: 14 | B20: Potato Cheese Ball | C20: =(8*6)+5 -> 53 | D20: 14 | E20: pcs | F20: =C20+D20 -> 67 | H20: — | I20: ='⚙️ Master Threshold'!E79 -> 5 | J20: =IF(I20=0,"—",IF(F20<=I20,"🔴 KRITIS",IF(F20<=I20*2,"🟠 HAMPIR HABIS","🟢 AMAN"))) -> 🟢 AMAN | L20: =IF(J20="🔴 KRITIS",B20,"") | M20: =IF(J20="🔴 KRITIS","SEGERA RESTOCK!",IF(J20="🟠 HAMPIR HABIS","Cek & Restock",""))
A21: 15 | B21: Dumpling | C21: 12 | D21: 7 | E21: pcs | F21: =C21+D21 -> 19 | H21: — | I21: ='⚙️ Master Threshold'!E80 -> 5 | J21: =IF(I21=0,"—",IF(F21<=I21,"🔴 KRITIS",IF(F21<=I21*2,"🟠 HAMPIR HABIS","🟢 AMAN"))) -> 🟢 AMAN | L21: =IF(J21="🔴 KRITIS",B21,"") | M21: =IF(J21="🔴 KRITIS","SEGERA RESTOCK!",IF(J21="🟠 HAMPIR HABIS","Cek & Restock",""))
A22: 16 | B22: Dimsum Mix | C22: 12 | D22: 0 | E22: pax | F22: =C22+D22 -> 12 | G22: 30 | H22: 1 pax = 30 pcs | I22: ='⚙️ Master Threshold'!E81 -> 1 | J22: =IF(I22=0,"—",IF(F22<=I22,"🔴 KRITIS",IF(F22<=I22*2,"🟠 HAMPIR HABIS","🟢 AMAN"))) -> 🟢 AMAN | L22: =IF(J22="🔴 KRITIS",B22,"") | M22: =IF(J22="🔴 KRITIS","SEGERA RESTOCK!",IF(J22="🟠 HAMPIR HABIS","Cek & Restock",""))
A23: 17 | B23: Ayam Katsu | C23: 0 | D23: 0 | E23: pcs | F23: =C23+D23 -> 0 | H23: — | I23: ='⚙️ Master Threshold'!E82 -> 5 | J23: =IF(I23=0,"—",IF(F23<=I23,"🔴 KRITIS",IF(F23<=I23*2,"🟠 HAMPIR HABIS","🟢 AMAN"))) -> 🔴 KRITIS | L23: =IF(J23="🔴 KRITIS",B23,"") -> Ayam Katsu | M23: =IF(J23="🔴 KRITIS","SEGERA RESTOCK!",IF(J23="🟠 HAMPIR HABIS","Cek & Restock","")) -> SEGERA RESTOCK!
A24: ▶ BARANG ALAT & KEBERSIHAN
A25: 1 | B25: Cling Pembersih | C25: 0 | D25: 0.4 | E25: botol -+ | F25: =C25+D25 -> 0.4 | H25: — | I25: ='⚙️ Master Threshold'!E83 -> 1 | J25: =IF(I25=0,"—",IF(F25<=I25,"🔴 KRITIS",IF(F25<=I25*2,"🟠 HAMPIR HABIS","🟢 AMAN"))) -> 🔴 KRITIS | L25: =IF(J25="🔴 KRITIS",B25,"") -> Cling Pembersih | M25: =IF(J25="🔴 KRITIS","SEGERA RESTOCK!",IF(J25="🟠 HAMPIR HABIS","Cek & Restock","")) -> SEGERA RESTOCK!
A26: 2 | B26: Sabun Cuci Piring | C26: 0 | D26: 0.4 | E26: pax -+ | F26: =C26+D26 -> 0.4 | H26: — | I26: ='⚙️ Master Threshold'!E84 -> 1 | J26: =IF(I26=0,"—",IF(F26<=I26,"🔴 KRITIS",IF(F26<=I26*2,"🟠 HAMPIR HABIS","🟢 AMAN"))) -> 🔴 KRITIS | L26: =IF(J26="🔴 KRITIS",B26,"") -> Sabun Cuci Piring | M26: =IF(J26="🔴 KRITIS","SEGERA RESTOCK!",IF(J26="🟠 HAMPIR HABIS","Cek & Restock","")) -> SEGERA RESTOCK!
A27: 3 | B27: S.O.S Karbol | C27: 0 | D27: 0.3 | E27: pax -+ | F27: =C27+D27 -> 0.3 | H27: — | I27: ='⚙️ Master Threshold'!E85 -> 1 | J27: =IF(I27=0,"—",IF(F27<=I27,"🔴 KRITIS",IF(F27<=I27*2,"🟠 HAMPIR HABIS","🟢 AMAN"))) -> 🔴 KRITIS | L27: =IF(J27="🔴 KRITIS",B27,"") -> S.O.S Karbol | M27: =IF(J27="🔴 KRITIS","SEGERA RESTOCK!",IF(J27="🟠 HAMPIR HABIS","Cek & Restock","")) -> SEGERA RESTOCK!
A28: 4 | B28: Vixal | C28: 0 | D28: 0 | E28: botol | F28: =C28+D28 -> 0 | H28: — | I28: ='⚙️ Master Threshold'!E86 -> 1 | J28: =IF(I28=0,"—",IF(F28<=I28,"🔴 KRITIS",IF(F28<=I28*2,"🟠 HAMPIR HABIS","🟢 AMAN"))) -> 🔴 KRITIS | L28: =IF(J28="🔴 KRITIS",B28,"") -> Vixal | M28: =IF(J28="🔴 KRITIS","SEGERA RESTOCK!",IF(J28="🟠 HAMPIR HABIS","Cek & Restock","")) -> SEGERA RESTOCK!
A29: 5 | B29: Sendok | C29: 0 | D29: 0 | E29: pcs | F29: =C29+D29 -> 0 | H29: — | I29: ='⚙️ Master Threshold'!E87 -> 5 | J29: =IF(I29=0,"—",IF(F29<=I29,"🔴 KRITIS",IF(F29<=I29*2,"🟠 HAMPIR HABIS","🟢 AMAN"))) -> 🔴 KRITIS | L29: =IF(J29="🔴 KRITIS",B29,"") -> Sendok | M29: =IF(J29="🔴 KRITIS","SEGERA RESTOCK!",IF(J29="🟠 HAMPIR HABIS","Cek & Restock","")) -> SEGERA RESTOCK!
A30: 6 | B30: Mangkuk Stainless | C30: 0 | D30: 11 | E30: pcs | F30: =C30+D30 -> 11 | H30: — | I30: ='⚙️ Master Threshold'!E88 -> 3 | J30: =IF(I30=0,"—",IF(F30<=I30,"🔴 KRITIS",IF(F30<=I30*2,"🟠 HAMPIR HABIS","🟢 AMAN"))) -> 🟢 AMAN | L30: =IF(J30="🔴 KRITIS",B30,"") | M30: =IF(J30="🔴 KRITIS","SEGERA RESTOCK!",IF(J30="🟠 HAMPIR HABIS","Cek & Restock",""))
A31: 7 | B31: Piring Stainless | C31: 0 | D31: 2 | E31: pcs | F31: =C31+D31 -> 2 | H31: — | I31: ='⚙️ Master Threshold'!E89 -> 3 | J31: =IF(I31=0,"—",IF(F31<=I31,"🔴 KRITIS",IF(F31<=I31*2,"🟠 HAMPIR HABIS","🟢 AMAN"))) -> 🔴 KRITIS | L31: =IF(J31="🔴 KRITIS",B31,"") -> Piring Stainless | M31: =IF(J31="🔴 KRITIS","SEGERA RESTOCK!",IF(J31="🟠 HAMPIR HABIS","Cek & Restock","")) -> SEGERA RESTOCK!
A32: 8 | B32: Piring Plastik | C32: 0 | D32: 3 | E32: pcs | F32: =C32+D32 -> 3 | H32: — | I32: ='⚙️ Master Threshold'!E90 -> 3 | J32: =IF(I32=0,"—",IF(F32<=I32,"🔴 KRITIS",IF(F32<=I32*2,"🟠 HAMPIR HABIS","🟢 AMAN"))) -> 🔴 KRITIS | L32: =IF(J32="🔴 KRITIS",B32,"") -> Piring Plastik | M32: =IF(J32="🔴 KRITIS","SEGERA RESTOCK!",IF(J32="🟠 HAMPIR HABIS","Cek & Restock","")) -> SEGERA RESTOCK!
A33: 9 | B33: Keranjang Kotak Hitam Besi | C33: 0 | D33: 2 | E33: pcs | F33: =C33+D33 -> 2 | H33: — | I33: ='⚙️ Master Threshold'!E91 -> 2 | J33: =IF(I33=0,"—",IF(F33<=I33,"🔴 KRITIS",IF(F33<=I33*2,"🟠 HAMPIR HABIS","🟢 AMAN"))) -> 🔴 KRITIS | L33: =IF(J33="🔴 KRITIS",B33,"") -> Keranjang Kotak Hitam Besi | M33: =IF(J33="🔴 KRITIS","SEGERA RESTOCK!",IF(J33="🟠 HAMPIR HABIS","Cek & Restock","")) -> SEGERA RESTOCK!
A34: 10 | B34: Keranjang Bulat Hitam Besi | C34: 0 | D34: 1 | E34: pcs | F34: =C34+D34 -> 1 | H34: — | I34: ='⚙️ Master Threshold'!E92 -> 2 | J34: =IF(I34=0,"—",IF(F34<=I34,"🔴 KRITIS",IF(F34<=I34*2,"🟠 HAMPIR HABIS","🟢 AMAN"))) -> 🔴 KRITIS | L34: =IF(J34="🔴 KRITIS",B34,"") -> Keranjang Bulat Hitam Besi | M34: =IF(J34="🔴 KRITIS","SEGERA RESTOCK!",IF(J34="🟠 HAMPIR HABIS","Cek & Restock","")) -> SEGERA RESTOCK!
A35: 11 | B35: Keranjang Merah Plastik | C35: 0 | D35: 5 | E35: pcs | F35: =C35+D35 -> 5 | H35: — | I35: ='⚙️ Master Threshold'!E93 -> 2 | J35: =IF(I35=0,"—",IF(F35<=I35,"🔴 KRITIS",IF(F35<=I35*2,"🟠 HAMPIR HABIS","🟢 AMAN"))) -> 🟢 AMAN | L35: =IF(J35="🔴 KRITIS",B35,"") | M35: =IF(J35="🔴 KRITIS","SEGERA RESTOCK!",IF(J35="🟠 HAMPIR HABIS","Cek & Restock",""))
A36: 12 | B36: Keranjang Hitam Plastik | C36: 0 | D36: 3 | E36: pcs | F36: =C36+D36 -> 3 | H36: — | I36: ='⚙️ Master Threshold'!E94 -> 2 | J36: =IF(I36=0,"—",IF(F36<=I36,"🔴 KRITIS",IF(F36<=I36*2,"🟠 HAMPIR HABIS","🟢 AMAN"))) -> 🟠 HAMPIR HABIS | L36: =IF(J36="🔴 KRITIS",B36,"") | M36: =IF(J36="🔴 KRITIS","SEGERA RESTOCK!",IF(J36="🟠 HAMPIR HABIS","Cek & Restock","")) -> Cek & Restock
A37: 13 | B37: Gelas Customer | C37: 0 | D37: 8 | E37: pcs | F37: =C37+D37 -> 8 | H37: — | I37: ='⚙️ Master Threshold'!E95 -> 5 | J37: =IF(I37=0,"—",IF(F37<=I37,"🔴 KRITIS",IF(F37<=I37*2,"🟠 HAMPIR HABIS","🟢 AMAN"))) -> 🟠 HAMPIR HABIS | L37: =IF(J37="🔴 KRITIS",B37,"") | M37: =IF(J37="🔴 KRITIS","SEGERA RESTOCK!",IF(J37="🟠 HAMPIR HABIS","Cek & Restock","")) -> Cek & Restock
A38: TOTAL ITEM DICEK | F38: =COUNTA(B6:B37)-COUNTIF(B6:B37,"") -> 28 | G38: ITEM KRITIS: | J38: =COUNTIF(J6:J37,"🔴 KRITIS") -> 15 | K38: =COUNTIF(J6:J37,"🟠 HAMPIR HABIS")&" item hampir habis" -> 4 item hampir habis

Sheet Meja Laci (2)
A1: 📋 STOK OPNAME HARIAN — MEJA LACI
A2: TANGGAL / HARI | C2: 46257 | E2: HARI | G2: =TEXT(C2,"DDDD") -> Sunday | I2: NAMA PETUGAS | K2: Candra
A3: KETERANGAN WARNA STATUS: 🔴 STOK HABIS / KRITIS 🟠 STOK HAMPIR HABIS (< 2× Threshold) 🟢 STOK AMANf
A5: No | B5: NAMA BARANG | C5: STEP 1 HITUNG UTUH (Qty) | D5: STEP 2 HITUNG TERBUKA (Qty) | E5: SATUAN | F5: TOTAL (Step1 + Step2) | G5: KONVERSI (Isi per Pack) | H5: KONVERSI (Keterangan) | I5: MIN THRESHOLD | J5: STATUS STOK | L5: REQUEST BARANG HABIS / KRITIS | M5: QTY Request
A6: ▶ PACKAGING & PERLENGKAPAN OPERASIONAL
A7: 1 | B7: Sticker Thinwal | C7: 0 | D7: 1 | E7: pcs -+ | F7: =C7+D7 -> 1 | H7: — | I7: ='⚙️ Master Threshold'!E97 -> 10 | J7: =IF(I7=0,"—",IF(F7<=I7,"🔴 KRITIS",IF(F7<=I7*2,"🟠 HAMPIR HABIS","🟢 AMAN"))) -> 🔴 KRITIS | L7: =IF(J7="🔴 KRITIS",B7,"") -> Sticker Thinwal | M7: =IF(J7="🔴 KRITIS","SEGERA RESTOCK!",IF(J7="🟠 HAMPIR HABIS","Cek & Restock","")) -> SEGERA RESTOCK!
A8: 2 | B8: Solasi Bening | C8: 4 | D8: 1 | E8: pcs -+ | F8: =C8+D8 -> 5 | H8: — | I8: ='⚙️ Master Threshold'!E98 -> 1 | J8: =IF(I8=0,"—",IF(F8<=I8,"🔴 KRITIS",IF(F8<=I8*2,"🟠 HAMPIR HABIS","🟢 AMAN"))) -> 🟢 AMAN | L8: =IF(J8="🔴 KRITIS",B8,"") | M8: =IF(J8="🔴 KRITIS","SEGERA RESTOCK!",IF(J8="🟠 HAMPIR HABIS","Cek & Restock",""))
A9: 3 | B9: Cable Ties | C9: 2 | D9: 1 | E9: pax | F9: =C9+D9 -> 3 | H9: — | I9: ='⚙️ Master Threshold'!E99 -> 1 | J9: =IF(I9=0,"—",IF(F9<=I9,"🔴 KRITIS",IF(F9<=I9*2,"🟠 HAMPIR HABIS","🟢 AMAN"))) -> 🟢 AMAN | L9: =IF(J9="🔴 KRITIS",B9,"") | M9: =IF(J9="🔴 KRITIS","SEGERA RESTOCK!",IF(J9="🟠 HAMPIR HABIS","Cek & Restock",""))
A10: 4 | B10: Sticky Note | C10: 1 | D10: 1 | E10: pax | F10: =C10+D10 -> 2 | H10: — | I10: ='⚙️ Master Threshold'!E100 -> 1 | J10: =IF(I10=0,"—",IF(F10<=I10,"🔴 KRITIS",IF(F10<=I10*2,"🟠 HAMPIR HABIS","🟢 AMAN"))) -> 🟠 HAMPIR HABIS | L10: =IF(J10="🔴 KRITIS",B10,"") | M10: =IF(J10="🔴 KRITIS","SEGERA RESTOCK!",IF(J10="🟠 HAMPIR HABIS","Cek & Restock","")) -> Cek & Restock
A11: 5 | B11: Dus Drakor Stock | C11: 400 | D11: 20 | E11: pcs -+ | F11: =C11+D11 -> 420 | H11: — | I11: ='⚙️ Master Threshold'!E101 -> 5 | J11: =IF(I11=0,"—",IF(F11<=I11,"🔴 KRITIS",IF(F11<=I11*2,"🟠 HAMPIR HABIS","🟢 AMAN"))) -> 🟢 AMAN | L11: =IF(J11="🔴 KRITIS",B11,"") | M11: =IF(J11="🔴 KRITIS","SEGERA RESTOCK!",IF(J11="🟠 HAMPIR HABIS","Cek & Restock",""))
A12: =A11+1 -> 6 | B12: Dus Rice Box | C12: 450 | D12: 10 | E12: -+ pcs | F12: =C12+D12 -> 460 | I12: ='⚙️ Master Threshold'!E102 -> 50 | J12: =IF(I12=0,"—",IF(F12<=I12,"🔴 KRITIS",IF(F12<=I12*2,"🟠 HAMPIR HABIS","🟢 AMAN"))) -> 🟢 AMAN | L12: =IF(J12="🔴 KRITIS",B12,"") | M12: =IF(J12="🔴 KRITIS","SEGERA RESTOCK!",IF(J12="🟠 HAMPIR HABIS","Cek & Restock",""))
A13: =A12+1 -> 7 | B13: Kartu Nama | C13: 1000 | D13: 0 | E13: pcs | F13: =C13+D13 -> 1000 | H13: — | I13: ='⚙️ Master Threshold'!E103 -> 10 | J13: =IF(I13=0,"—",IF(F13<=I13,"🔴 KRITIS",IF(F13<=I13*2,"🟠 HAMPIR HABIS","🟢 AMAN"))) -> 🟢 AMAN | L13: =IF(J13="🔴 KRITIS",B13,"") | M13: =IF(J13="🔴 KRITIS","SEGERA RESTOCK!",IF(J13="🟠 HAMPIR HABIS","Cek & Restock",""))
A14: =A13+1 -> 8 | B14: Kertas Struk EDC | C14: 14 | D14: 2 | E14: pcs | F14: =C14+D14 -> 16 | H14: — | I14: ='⚙️ Master Threshold'!E104 -> 1 | J14: =IF(I14=0,"—",IF(F14<=I14,"🔴 KRITIS",IF(F14<=I14*2,"🟠 HAMPIR HABIS","🟢 AMAN"))) -> 🟢 AMAN | L14: =IF(J14="🔴 KRITIS",B14,"") | M14: =IF(J14="🔴 KRITIS","SEGERA RESTOCK!",IF(J14="🟠 HAMPIR HABIS","Cek & Restock",""))
A15: =A14+1 -> 9 | B15: Sumpit | C15: 50 | D15: 8 | E15: pcs -+ | F15: =C15+D15 -> 58 | H15: — | I15: ='⚙️ Master Threshold'!E105 -> 50 | J15: =IF(I15=0,"—",IF(F15<=I15,"🔴 KRITIS",IF(F15<=I15*2,"🟠 HAMPIR HABIS","🟢 AMAN"))) -> 🟠 HAMPIR HABIS | L15: =IF(J15="🔴 KRITIS",B15,"") | M15: =IF(J15="🔴 KRITIS","SEGERA RESTOCK!",IF(J15="🟠 HAMPIR HABIS","Cek & Restock","")) -> Cek & Restock
A16: =A15+1 -> 10 | B16: Tusuk Odeng | C16: 0 | D16: 0 | E16: pcs -+ | F16: =C16+D16 -> 0 | H16: — | I16: ='⚙️ Master Threshold'!E106 -> 20 | J16: =IF(I16=0,"—",IF(F16<=I16,"🔴 KRITIS",IF(F16<=I16*2,"🟠 HAMPIR HABIS","🟢 AMAN"))) -> 🔴 KRITIS | L16: =IF(J16="🔴 KRITIS",B16,"") -> Tusuk Odeng | M16: =IF(J16="🔴 KRITIS","SEGERA RESTOCK!",IF(J16="🟠 HAMPIR HABIS","Cek & Restock","")) -> SEGERA RESTOCK!
A17: =A16+1 -> 11 | B17: Sendok | C17: 50 | D17: 48 | E17: pcs -+ | F17: =C17+D17 -> 98 | H17: — | I17: ='⚙️ Master Threshold'!E107 -> 50 | J17: =IF(I17=0,"—",IF(F17<=I17,"🔴 KRITIS",IF(F17<=I17*2,"🟠 HAMPIR HABIS","🟢 AMAN"))) -> 🟠 HAMPIR HABIS | L17: =IF(J17="🔴 KRITIS",B17,"") | M17: =IF(J17="🔴 KRITIS","SEGERA RESTOCK!",IF(J17="🟠 HAMPIR HABIS","Cek & Restock","")) -> Cek & Restock
A18: =A17+1 -> 12 | B18: Sendok Kayu | C18: 0 | D18: 1 | E18: pax | F18: =C18+D18 -> 1 | H18: — | I18: ='⚙️ Master Threshold'!E108 -> 2 | J18: =IF(I18=0,"—",IF(F18<=I18,"🔴 KRITIS",IF(F18<=I18*2,"🟠 HAMPIR HABIS","🟢 AMAN"))) -> 🔴 KRITIS | L18: =IF(J18="🔴 KRITIS",B18,"") -> Sendok Kayu | M18: =IF(J18="🔴 KRITIS","SEGERA RESTOCK!",IF(J18="🟠 HAMPIR HABIS","Cek & Restock","")) -> SEGERA RESTOCK!
A19: =A18+1 -> 13 | B19: Plastik Kentang | C19: 8 | D19: 1 | E19: ikat/pack | F19: =C19+D19 -> 9 | H19: — | I19: ='⚙️ Master Threshold'!E109 -> 1 | J19: =IF(I19=0,"—",IF(F19<=I19,"🔴 KRITIS",IF(F19<=I19*2,"🟠 HAMPIR HABIS","🟢 AMAN"))) -> 🟢 AMAN | L19: =IF(J19="🔴 KRITIS",B19,"") | M19: =IF(J19="🔴 KRITIS","SEGERA RESTOCK!",IF(J19="🟠 HAMPIR HABIS","Cek & Restock",""))
A20: =A19+1 -> 14 | B20: Plastik Cetik | C20: 0 | D20: 2 | E20: pax | F20: =C20+D20 -> 2 | H20: — | I20: ='⚙️ Master Threshold'!E110 -> 1 | J20: =IF(I20=0,"—",IF(F20<=I20,"🔴 KRITIS",IF(F20<=I20*2,"🟠 HAMPIR HABIS","🟢 AMAN"))) -> 🟠 HAMPIR HABIS | L20: =IF(J20="🔴 KRITIS",B20,"") | M20: =IF(J20="🔴 KRITIS","SEGERA RESTOCK!",IF(J20="🟠 HAMPIR HABIS","Cek & Restock","")) -> Cek & Restock
A21: =A20+1 -> 15 | B21: Kertas Nasi Putih | C21: 1 | D21: 1 | E21: pax | F21: =C21+D21 -> 2 | H21: — | I21: ='⚙️ Master Threshold'!E111 -> 1 | J21: =IF(I21=0,"—",IF(F21<=I21,"🔴 KRITIS",IF(F21<=I21*2,"🟠 HAMPIR HABIS","🟢 AMAN"))) -> 🟠 HAMPIR HABIS | L21: =IF(J21="🔴 KRITIS",B21,"") | M21: =IF(J21="🔴 KRITIS","SEGERA RESTOCK!",IF(J21="🟠 HAMPIR HABIS","Cek & Restock","")) -> Cek & Restock
A22: =A21+1 -> 16 | B22: Label Biasa | C22: 0 | D22: 0 | E22: lembar | F22: =C22+D22 -> 0 | H22: — | I22: ='⚙️ Master Threshold'!E112 -> 20 | J22: =IF(I22=0,"—",IF(F22<=I22,"🔴 KRITIS",IF(F22<=I22*2,"🟠 HAMPIR HABIS","🟢 AMAN"))) -> 🔴 KRITIS | L22: =IF(J22="🔴 KRITIS",B22,"") -> Label Biasa | M22: =IF(J22="🔴 KRITIS","SEGERA RESTOCK!",IF(J22="🟠 HAMPIR HABIS","Cek & Restock","")) -> SEGERA RESTOCK!
A23: =A22+1 -> 17 | B23: Thinwal Biasa | C23: 0 | D23: 12 | E23: pax-pcs | F23: =C23+D23 -> 12 | H23: — | I23: ='⚙️ Master Threshold'!E113 -> 20 | J23: =IF(I23=0,"—",IF(F23<=I23,"🔴 KRITIS",IF(F23<=I23*2,"🟠 HAMPIR HABIS","🟢 AMAN"))) -> 🔴 KRITIS | L23: =IF(J23="🔴 KRITIS",B23,"") -> Thinwal Biasa | M23: =IF(J23="🔴 KRITIS","SEGERA RESTOCK!",IF(J23="🟠 HAMPIR HABIS","Cek & Restock","")) -> SEGERA RESTOCK!
A24: =A23+1 -> 18 | B24: Thinwal 1250 ml | C24: 0 | D24: 0 | E24: pax | F24: =C24+D24 -> 0 | H24: — | I24: ='⚙️ Master Threshold'!E114 -> 1 | J24: =IF(I24=0,"—",IF(F24<=I24,"🔴 KRITIS",IF(F24<=I24*2,"🟠 HAMPIR HABIS","🟢 AMAN"))) -> 🔴 KRITIS | L24: =IF(J24="🔴 KRITIS",B24,"") -> Thinwal 1250 ml | M24: =IF(J24="🔴 KRITIS","SEGERA RESTOCK!",IF(J24="🟠 HAMPIR HABIS","Cek & Restock","")) -> SEGERA RESTOCK!
... A50: =A49+1 -> 44 | B50: Dus Silver | C50: 0 | D50: 0 | E50: pcs | F50: =C50+D50 -> 0 | H50: — | I50: ='⚙️ Master Threshold'!E140 -> 5 | J50: =IF(I50=0,"—",IF(F50<=I50,"🔴 KRITIS",IF(F50<=I50*2,"🟠 HAMPIR HABIS","🟢 AMAN"))) -> 🔴 KRITIS | L50: =IF(J50="🔴 KRITIS",B50,"") -> Dus Silver | M50: =IF(J50="🔴 KRITIS","SEGERA RESTOCK!",IF(J50="🟠 HAMPIR HABIS","Cek & Restock","")) -> SEGERA RESTOCK!
A51: TOTAL ITEM DICEK | F51: =COUNTA(B6:B50)-COUNTIF(B6:B50,"") -> 43 | G51: ITEM KRITIS: | J51: =COUNTIF(J6:J50,"🔴 KRITIS") -> 21 | K51: =COUNTIF(J6:J50,"🟠 HAMPIR HABIS")&" item hampir habis" -> 8 item hampir habis

Sheet Gas & Utilitas
A1: ⚡ PENCATATAN GAS, LISTRIK & UTILITAS HARIAN
A2: TANGGAL / HARI | C2: 46257 | E2: =TEXT(C2,"DDDD") -> Sunday
A4: No | B4: ITEM | C4: STATUS / QTY | D4: TANGGAL ISI / PAKAI | E4: KWH / SISA | F4: KETERANGAN
A5: 1 | B5: Gas 3Kg — Tabung 1 | C5: habis | D5: 46252 | F5: Kosong
A6: 2 | B6: Gas 3Kg — Tabung 2 | C6: Ada | D6: 46257 | F6: Baru
A7: 3 | B7: Gas 12Kg — Tabung 1 | C7: Habis | D7: 19 Aug 2026 dipakai | F7: Kosong
A8: 4 | B8: Gas 12Kg — Tabung 2 | C8: habis | D8: 8 Agustus/dipakai 9 agustus | F8: Kosong
A9: 5 | B9: Token Listrik (KWH) | C9: Ada | E9: 1436 | F9: 22.1
A10: 6 | B10: Ganti Minyak Goreng | C10: Ada | D10: 19 Agustus 2026
A11: 7 | B11: Catatan Lain | C11: Ada

Sheet 📊 Dashboard Rekap
A1: 📊 DASHBOARD REKAP STOK OPNAME HARIAN
A2: Tanggal Laporan: | D2: ='Meja Biru + Chiller'!C2 -> 8/23/2026
A4: No | B4: AREA / SHEET | C4: Total Item | D4: 🔴 KRITIS | E4: 🟠 HAMPIR HABIS | F4: 🟢 AMAN | G4: % Kritis
A5: 1 | B5: Meja Biru Depan + Chiller | C5: =COUNTA('Meja Biru + Chiller'!B:B)-COUNTIF('Meja Biru + Chiller'!B:B,"")-1 -> -148 | D5: =COUNTIF('Meja Biru + Chiller'!J:J,"🔴 KRITIS") -> 11 | E5: =COUNTIF('Meja Biru + Chiller'!J:J,"🟠 HAMPIR HABIS") -> 7 | F5: =COUNTIF('Meja Biru + Chiller'!J:J,"🟢 AMAN") -> 35 | G5: =IF(C5=0,"—",D5/C5) -> -7%
A6: 2 | B6: Freezer & Alat | C6: =COUNTA('Freezer & Alat'!B:B)-COUNTIF('Freezer & Alat'!B:B,"")-1 -> -177 | D6: =COUNTIF('Freezer & Alat'!J:J,"🔴 KRITIS") -> 15 | E6: =COUNTIF('Freezer & Alat'!J:J,"🟠 HAMPIR HABIS") -> 4 | F6: =COUNTIF('Freezer & Alat'!J:J,"🟢 AMAN") -> 11 | G6: =IF(C6=0,"—",D6/C6) -> -8%
A7: 3 | B7: Meja Laci (Packaging) | C7: #REF! | D7: #REF! | E7: #REF! | F7: #REF! | G7: =IF(C7=0,"—",D7/C7) -> #VALUE!
A8: TOTAL KESELURUHAN | C8: =SUM(C5:C7) -> -325 | D8: =SUM(D5:D7) -> 26 | E8: =SUM(E5:E7) -> 11 | F8: =SUM(F5:F7) -> 46 | G8: =IF(C8=0,"—",D8/C8) -> -8%
A11: 📌 PANDUAN PENGISIAN STOK OPNAME
A12: 1️⃣ Buka sheet sesuai area (Meja Biru + Chiller / Freezer & Alat / Meja Laci)
A13: 2️⃣ Isi kolom STEP 1 (Hitung Utuh — stok yang masih dalam kemasan utuh)
A14: 3️⃣ Isi kolom STEP 2 (Hitung Terbuka — stok yang sudah terbuka / tidak utuh)
A15: 4️⃣ Kolom TOTAL akan otomatis terhitung (Step 1 + Step 2)
A16: 5️⃣ Kolom STATUS otomatis: 🔴 KRITIS = stok ≤ threshold | 🟠 HAMPIR HABIS = stok ≤ 2× threshold | 🟢 AMAN
A17: 6️⃣ Kolom REQUEST otomatis muncul item yang perlu direstok
A18: 7️⃣ Lihat sheet '📊 Dashboard Rekap' untuk ringkasan semua area
A19: ⚠️ Sel berwarna KUNING = sel input yang perlu diisi. Jangan ubah sel lainnya!
